c7f512,172.22.0.1,GET,http://localhost:56501/admin/config/development/performance,1693826887,c7f512,200
092995,172.22.0.1,GET,http://localhost:56501/admin/config/development/performance,1693826888,c7f512,200
cbb3ec,172.22.0.1,GET,http://localhost:56501/admin/config/development/performance,1693826888,c7f512,200
cea066,172.22.0.1,GET,http://localhost:56501/admin/config/development/performance,1693826888,c7f512,200
f787bb,172.22.0.1,GET,http://localhost:56501/admin/config/development/performance,1693826888,c7f512,200
3498bd,172.22.0.1,GET,http://localhost:56501/admin/config/development/performance,1693826888,c7f512,200
a0d79d,172.22.0.1,GET,http://localhost:56501/admin/config/development/performance,1693826888,c7f512,200
8654bd,172.22.0.1,GET,http://localhost:56501/admin/config/development/performance,1693826888,c7f512,200
f707c3,172.22.0.1,GET,http://localhost:56501/admin/config/development/performance,1693826888,c7f512,200
f5a724,172.22.0.1,GET,http://localhost:56501/admin/config/development/performance,1693826888,c7f512,200
65d9af,172.22.0.1,GET,http://localhost:56501/,1693826892,65d9af,200
95d8ec,172.22.0.1,GET,http://localhost:56501/,1693826892,65d9af,200
c6f0ba,172.22.0.1,GET,http://localhost:56501/,1693826892,65d9af,200
680eaa,172.22.0.1,GET,http://localhost:56501/,1693826892,65d9af,200
46e2a5,172.22.0.1,GET,http://localhost:56501/,1693826892,65d9af,200
47e030,172.22.0.1,GET,http://localhost:56501/,1693826892,65d9af,200
7ea8e0,172.22.0.2,GET,https://my-first-drupal10-app.lndo.site/,1693982312,7ea8e0,200
c3102d,172.22.0.1,GET,http://localhost:53455/,1693982312,c3102d,200
d3c87a,172.22.0.2,GET,https://my-first-drupal10-app.lndo.site/,1693982312,d3c87a,200
839be0,172.22.0.2,GET,http://my-first-drupal10-app.lndo.site/,1693982312,839be0,200
6b1323,172.22.0.1,GET,https://localhost:53456/,1693982312,6b1323,200
43740d,172.22.0.2,GET,http://my-first-drupal10-app.lndo.site/,1693982312,43740d,200
ce1277,172.22.0.1,GET,http://localhost:53455/,1693982312,ce1277,200
55f979,172.22.0.1,GET,https://localhost:53456/,1693982312,55f979,200
6b69af,172.22.0.1,GET,http://localhost:53455/,1693982325,6b69af,200
2b8aef,172.22.0.1,GET,http://localhost:53455/,1693982326,6b69af,200
2cad93,172.22.0.1,GET,http://localhost:53455/,1693982326,6b69af,200
c4a7b9,172.22.0.1,GET,http://localhost:53455/,1693982326,6b69af,200
81f8e1,172.22.0.1,GET,http://localhost:53455/,1693982326,6b69af,200
590960,172.22.0.1,GET,http://localhost:53455/,1693982326,6b69af,200
58248b,172.22.0.1,GET,http://localhost:53455/admin/,1693985697,58248b,200
da2a16,172.22.0.1,GET,http://localhost:53455/admin/,1693985697,58248b,200
6c2710,172.22.0.1,GET,http://localhost:53455/admin/,1693985697,58248b,200
8113f6,172.22.0.1,GET,http://localhost:53455/admin/,1693985697,58248b,200
e9e0f8,172.22.0.1,GET,http://localhost:53455/admin/,1693985697,58248b,200
572360,172.22.0.1,GET,http://localhost:53455/admin/,1693985697,58248b,200
469fb2,172.22.0.1,GET,http://localhost:53455/admin/,1693985698,58248b,200
cf24ae,172.22.0.1,GET,http://localhost:53455/admin/,1693985698,58248b,200
d0febc,172.22.0.1,GET,http://localhost:53455/admin/config,1693985703,d0febc,200
303d5d,172.22.0.1,GET,http://localhost:53455/admin/config,1693985703,d0febc,200
68bc91,172.22.0.1,GET,http://localhost:53455/admin/config,1693985703,d0febc,200
c5d6b3,172.22.0.1,GET,http://localhost:53455/admin/config,1693985703,d0febc,200
b5b127,172.22.0.1,GET,http://localhost:53455/admin/config,1693985703,d0febc,200
0b1615,172.22.0.1,GET,http://localhost:53455/admin/config,1693985703,d0febc,200
171973,172.22.0.1,GET,http://localhost:53455/admin/config,1693985703,d0febc,200
4d7ef9,172.22.0.1,GET,http://localhost:53455/admin/config,1693985703,d0febc,200
347a3d,172.22.0.1,GET,http://localhost:53455/admin/config/system/site-information,1693985706,347a3d,200
3974fd,172.22.0.1,GET,http://localhost:53455/admin/config/system/site-information,1693985706,347a3d,200
1d676b,172.22.0.1,GET,http://localhost:53455/admin/config/system/site-information,1693985706,347a3d,200
ef3a8d,172.22.0.1,GET,http://localhost:53455/admin/config/system/site-information,1693985706,347a3d,200
7b9141,172.22.0.1,GET,http://localhost:53455/admin/config/system/site-information,1693985706,347a3d,200
e6ef20,172.22.0.1,GET,http://localhost:53455/admin/config/system/site-information,1693985706,347a3d,200
bb6085,172.22.0.1,GET,http://localhost:53455/admin/config/system/site-information,1693985706,347a3d,200
0ac8b6,172.22.0.1,GET,http://localhost:53455/admin/config/system/site-information,1693985706,347a3d,200
b56b8c,172.22.0.1,GET,http://localhost:53455/admin/config/system/site-information,1693985706,347a3d,200
6d684c,172.22.0.1,GET,http://localhost:53455/admin/config/system/site-information,1693985706,347a3d,200
6067a7,172.22.0.1,POST,http://localhost:53455/admin/config/system/site-information,1693985810,6067a7,200
2b2b05,172.22.0.1,POST,http://localhost:53455/admin/config/system/site-information,1693985838,2b2b05,200
9f9cf7,172.22.0.1,GET,http://localhost:53455/,1693985898,9f9cf7,200
3d7b96,172.22.0.1,GET,http://localhost:53455/,1693985898,9f9cf7,200
076063,172.22.0.1,GET,http://localhost:53455/,1693985898,9f9cf7,200
8bd85e,172.22.0.1,GET,http://localhost:53455/,1693985898,9f9cf7,200
eab0f5,172.22.0.1,GET,http://localhost:53455/,1693985898,9f9cf7,200
c09900,172.22.0.1,GET,http://localhost:53455/,1693985898,9f9cf7,200
838272,172.22.0.1,GET,http://localhost:53455/admin/structure,1693985901,838272,200
ea0c52,172.22.0.1,GET,http://localhost:53455/admin/structure,1693985901,838272,200
469d8c,172.22.0.1,GET,http://localhost:53455/admin/structure,1693985901,838272,200
8c98d1,172.22.0.1,GET,http://localhost:53455/admin/structure,1693985901,838272,200
bfbd3d,172.22.0.1,GET,http://localhost:53455/admin/structure,1693985901,838272,200
b6fd2f,172.22.0.1,GET,http://localhost:53455/admin/structure,1693985901,838272,200
3ff518,172.22.0.1,GET,http://localhost:53455/admin/structure,1693985901,838272,200
a4bebb,172.22.0.1,GET,http://localhost:53455/admin/structure,1693985901,838272,200
66cc0f,172.22.0.1,GET,http://localhost:53455/admin/structure/block,1693985905,66cc0f,200
ca9259,172.22.0.1,GET,http://localhost:53455/admin/structure/block,1693985905,66cc0f,200
922c4d,172.22.0.1,GET,http://localhost:53455/admin/structure/block,1693985905,66cc0f,200
e2d333,172.22.0.1,GET,http://localhost:53455/admin/structure/block,1693985905,66cc0f,200
38406d,172.22.0.1,GET,http://localhost:53455/admin/structure/block,1693985905,66cc0f,200
2437b0,172.22.0.1,GET,http://localhost:53455/admin/structure/block,1693985905,66cc0f,200
4af6c8,172.22.0.1,GET,http://localhost:53455/admin/structure/block,1693985905,66cc0f,200
35dc0e,172.22.0.1,GET,http://localhost:53455/admin/structure/block,1693985906,66cc0f,200
855fb0,172.22.0.1,GET,http://localhost:53455/admin/structure/block,1693985906,66cc0f,200
4f73bb,172.22.0.1,GET,http://localhost:53455/admin/structure/block,1693985906,66cc0f,200
20a738,172.22.0.1,GET,http://localhost:53455/admin/structure/block,1693985906,66cc0f,200
59e38f,172.22.0.1,POST,http://localhost:53455/admin/structure/block/library/react_hello?_wrapper_format=drupal_modal&region=header,1693985927,59e38f,200
37e7fd,172.22.0.1,POST,http://localhost:53455/admin/structure/block/add/system_branding_block/react_hello?_wrapper_format=drupal_modal&region=header,1693985939,37e7fd,200
6ab184,172.22.0.1,POST,http://localhost:53455/admin/structure/block/add/system_branding_block/react_hello?region=header,1693985943,6ab184,303
74633b,172.22.0.1,GET,http://localhost:53455/admin/structure/block/list/react_hello?block-placement=sitebranding,1693985944,74633b,200
531396,172.22.0.1,GET,http://localhost:53455/admin/structure/block/list/react_hello?block-placement=sitebranding,1693985944,74633b,200
f11ff6,172.22.0.1,GET,http://localhost:53455/admin/structure/block/list/react_hello?block-placement=sitebranding,1693985944,74633b,200
1836b2,172.22.0.1,GET,http://localhost:53455/admin/structure/block/list/react_hello?block-placement=sitebranding,1693985944,74633b,200
cf5638,172.22.0.1,GET,http://localhost:53455/admin/structure/block/list/react_hello?block-placement=sitebranding,1693985944,74633b,200
05940a,172.22.0.1,GET,http://localhost:53455/admin/structure/block/list/react_hello?block-placement=sitebranding,1693985944,74633b,200
8e2b15,172.22.0.1,GET,http://localhost:53455/admin/structure/block/list/react_hello?block-placement=sitebranding,1693985944,74633b,200
7c333e,172.22.0.1,GET,http://localhost:53455/admin/structure/block/list/react_hello?block-placement=sitebranding,1693985944,74633b,200
5b6181,172.22.0.1,GET,http://localhost:53455/admin/structure/block/list/react_hello?block-placement=sitebranding,1693985944,74633b,200
c5d989,172.22.0.1,GET,http://localhost:53455/admin/structure/block/list/react_hello?block-placement=sitebranding,1693985944,74633b,200
176f5e,172.22.0.1,GET,http://localhost:53455/admin/structure/block/list/react_hello?block-placement=sitebranding,1693985944,74633b,200
62c6b0,172.22.0.1,GET,http://localhost:53455/admin/structure/block/list/react_hello?block-placement=sitebranding,1693985944,74633b,200
4d0779,172.22.0.1,GET,http://localhost:53455/admin/structure/block/manage/sitebranding?destination=%2Fadmin%2Fstructure%2Fblock%2Flist%2Freact_hello,1693985954,4d0779,200
560cc2,172.22.0.1,GET,http://localhost:53455/admin/structure/block/manage/sitebranding?destination=%2Fadmin%2Fstructure%2Fblock%2Flist%2Freact_hello,1693985954,4d0779,200
e8a574,172.22.0.1,GET,http://localhost:53455/admin/structure/block/manage/sitebranding?destination=%2Fadmin%2Fstructure%2Fblock%2Flist%2Freact_hello,1693985954,4d0779,200
ea4004,172.22.0.1,GET,http://localhost:53455/admin/structure/block/manage/sitebranding?destination=%2Fadmin%2Fstructure%2Fblock%2Flist%2Freact_hello,1693985954,4d0779,200
07ffcc,172.22.0.1,GET,http://localhost:53455/admin/structure/block/manage/sitebranding?destination=%2Fadmin%2Fstructure%2Fblock%2Flist%2Freact_hello,1693985954,4d0779,200
2ed6bd,172.22.0.1,GET,http://localhost:53455/admin/structure/block/manage/sitebranding?destination=%2Fadmin%2Fstructure%2Fblock%2Flist%2Freact_hello,1693985954,4d0779,200
3e9c90,172.22.0.1,GET,http://localhost:53455/admin/structure/block/manage/sitebranding?destination=%2Fadmin%2Fstructure%2Fblock%2Flist%2Freact_hello,1693985954,4d0779,200
43adc1,172.22.0.1,GET,http://localhost:53455/admin/structure/block/manage/sitebranding?destination=%2Fadmin%2Fstructure%2Fblock%2Flist%2Freact_hello,1693985954,4d0779,200
2f9795,172.22.0.1,GET,http://localhost:53455/admin/structure/block/manage/sitebranding?destination=%2Fadmin%2Fstructure%2Fblock%2Flist%2Freact_hello,1693985954,4d0779,200
f31391,172.22.0.1,GET,http://localhost:53455/admin/structure/block/manage/sitebranding?destination=%2Fadmin%2Fstructure%2Fblock%2Flist%2Freact_hello,1693985954,4d0779,200
f5253c,172.22.0.1,POST,http://localhost:53455/admin/structure/block/manage/sitebranding?destination=%2Fadmin%2Fstructure%2Fblock%2Flist%2Freact_hello,1693985957,f5253c,303
c43a66,172.22.0.1,GET,http://localhost:53455/admin/structure/block/list/react_hello,1693985957,c43a66,200
973b39,172.22.0.1,GET,http://localhost:53455/admin/structure/block/list/react_hello,1693985957,c43a66,200
cd95bc,172.22.0.1,GET,http://localhost:53455/admin/structure/block/list/react_hello,1693985957,c43a66,200
0af4d3,172.22.0.1,GET,http://localhost:53455/admin/structure/block/list/react_hello,1693985958,c43a66,200
bf34b8,172.22.0.1,GET,http://localhost:53455/admin/structure/block/list/react_hello,1693985958,c43a66,200
ab2e8b,172.22.0.1,GET,http://localhost:53455/admin/structure/block/list/react_hello,1693985958,c43a66,200
eb3626,172.22.0.1,GET,http://localhost:53455/admin/structure/block/list/react_hello,1693985958,c43a66,200
38ca1b,172.22.0.1,GET,http://localhost:53455/admin/structure/block/list/react_hello,1693985958,c43a66,200
bffa50,172.22.0.1,GET,http://localhost:53455/admin/structure/block/list/react_hello,1693985958,c43a66,200
27dd6d,172.22.0.1,GET,http://localhost:53455/admin/structure/block/list/react_hello,1693985958,c43a66,200
9cd1bd,172.22.0.1,GET,http://localhost:53455/admin/structure/block/list/react_hello,1693985958,c43a66,200
3c2f1f,172.22.0.1,GET,http://localhost:53455/admin/structure/block/list/react_hello,1693985958,c43a66,200
d1dbe3,172.22.0.1,POST,http://localhost:53455/admin/structure/block/list/react_hello,1693985960,d1dbe3,303
b3f132,172.22.0.1,GET,http://localhost:53455/admin/structure/block/list/react_hello,1693985960,b3f132,200
55ef15,172.22.0.1,GET,http://localhost:53455/admin/structure/block/list/react_hello,1693985960,b3f132,200
61cc4a,172.22.0.1,GET,http://localhost:53455/admin/structure/block/list/react_hello,1693985960,b3f132,200
a1a6f8,172.22.0.1,GET,http://localhost:53455/admin/structure/block/list/react_hello,1693985960,b3f132,200
5d39b5,172.22.0.1,GET,http://localhost:53455/admin/structure/block/list/react_hello,1693985960,b3f132,200
ac15db,172.22.0.1,GET,http://localhost:53455/admin/structure/block/list/react_hello,1693985960,b3f132,200
3df425,172.22.0.1,GET,http://localhost:53455/admin/structure/block/list/react_hello,1693985960,b3f132,200
529cdd,172.22.0.1,GET,http://localhost:53455/admin/structure/block/list/react_hello,1693985960,b3f132,200
94f080,172.22.0.1,GET,http://localhost:53455/admin/structure/block/list/react_hello,1693985960,b3f132,200
07050a,172.22.0.1,GET,http://localhost:53455/admin/structure/block/list/react_hello,1693985960,b3f132,200
5454db,172.22.0.1,GET,http://localhost:53455/admin/structure/block/list/react_hello,1693985960,b3f132,200
f73fa4,172.22.0.1,GET,http://localhost:53455/admin/structure/block/list/react_hello,1693985960,b3f132,200
740ed0,172.22.0.1,GET,http://localhost:53455/,1693985971,740ed0,200
b93367,172.22.0.1,GET,http://localhost:53455/,1693985971,740ed0,200
3a03e2,172.22.0.1,GET,http://localhost:53455/,1693985971,740ed0,200
6ef674,172.22.0.1,GET,http://localhost:53455/,1693985971,740ed0,200
9c681a,172.22.0.1,GET,http://localhost:53455/,1693985971,740ed0,200
41418c,172.22.0.1,GET,http://localhost:53455/,1693985971,740ed0,200
f05dc5,172.22.0.1,GET,http://localhost:53455/themes/custom/react_hello/logo.svg,1693985972,f05dc5,200
1cda66,172.22.0.1,GET,http://localhost:53455/themes/custom/react_hello/logo.svg,1693985972,1cda66,404
ac1dd6,172.22.0.1,GET,http://localhost:53455/themes/custom/react_hello/logo.svg,1693985972,1cda66,200
45bd2b,172.22.0.1,GET,http://localhost:53455/themes/custom/react_hello/logo.svg,1693985972,1cda66,200
1bdc80,172.22.0.1,GET,http://localhost:53455/themes/custom/react_hello/logo.svg,1693985972,1cda66,200
e01e0f,172.22.0.1,GET,http://localhost:53455/themes/custom/react_hello/logo.svg,1693985972,1cda66,200
e30c88,172.22.0.1,GET,http://localhost:53455/themes/custom/react_hello/logo.svg,1693985972,1cda66,200
